businessNumber,vpa,merchantId,shopName,amount,merchantRefID,transDate,rrn,upiTransID,createdAt,status,payload
8765432109,yahvipay.1757936298585@kvb,MC1757936298585,Business 1 - 8765432109,272,REF709711956,2025-09-15T11:16:09.007Z,79465516948,627148346,2025-09-15T11:42:09.505Z,Success,"{""KVBData"":{""apiKey"":""M2hZZytlZU1vL3h0aWR2TXVoOUFhdTV1RmNRaWVnaGYxZ0Vpb0hBVmFKbz"",""Payeraddr"":""chiyan@ybl"",""PayerName"":""Rahul Sharma"",""Amount"":""272"",""PayeeAddr"":""yahvipay.1757936298585@kvb"",""MerchantRefID"":""REF709711956"",""TransDate"":""2025-09-15T11:16:09.007Z"",""RRN"":""79465516948"",""UpiTransID"":""627148346""}}"
8765432109,yahvipay.1757936298585@kvb,MC1757936298585,Business 1 - 8765432109,447,REF229294099,2025-09-15T11:07:29.481Z,61347151626,719463416,2025-09-15T11:42:09.505Z,Success,"{""KVBData"":{""apiKey"":""M2hZZytlZU1vL3h0aWR2TXVoOUFhdTV1RmNRaWVnaGYxZ0Vpb0hBVmFKbz"",""Payeraddr"":""chiyan@ybl"",""PayerName"":""Rahul Sharma"",""Amount"":""447"",""PayeeAddr"":""yahvipay.1757936298585@kvb"",""MerchantRefID"":""REF229294099"",""TransDate"":""2025-09-15T11:07:29.481Z"",""RRN"":""61347151626"",""UpiTransID"":""719463416""}}"
8765432109,yahvipay.1757936298585@kvb,MC1757936298585,Business 1 - 8765432109,226,REF554913242,2025-09-15T10:23:34.361Z,37333745219,50810103,2025-09-15T11:42:09.505Z,Success,"{""KVBData"":{""apiKey"":""M2hZZytlZU1vL3h0aWR2TXVoOUFhdTV1RmNRaWVnaGYxZ0Vpb0hBVmFKbz"",""Payeraddr"":""chiyan@ybl"",""PayerName"":""Rahul Sharma"",""Amount"":""226"",""PayeeAddr"":""yahvipay.1757936298585@kvb"",""MerchantRefID"":""REF554913242"",""TransDate"":""2025-09-15T10:23:34.361Z"",""RRN"":""37333745219"",""UpiTransID"":""50810103""}}"
8765432109,yahvipay.1757936298585@kvb,MC1757936298585,Business 1 - 8765432109,376,REF453539747,2025-09-15T11:35:37.826Z,88580994531,927438973,2025-09-15T11:42:09.505Z,Success,"{""KVBData"":{""apiKey"":""M2hZZytlZU1vL3h0aWR2TXVoOUFhdTV1RmNRaWVnaGYxZ0Vpb0hBVmFKbz"",""Payeraddr"":""chiyan@ybl"",""PayerName"":""Rahul Sharma"",""Amount"":""376"",""PayeeAddr"":""yahvipay.1757936298585@kvb"",""MerchantRefID"":""REF453539747"",""TransDate"":""2025-09-15T11:35:37.826Z"",""RRN"":""88580994531"",""UpiTransID"":""927438973""}}"
8765432109,yahvipay.1757936298585@kvb,MC1757936298585,Business 1 - 8765432109,179,REF545989098,2025-09-15T11:23:28.059Z,91441318111,915144544,2025-09-15T11:42:09.505Z,Success,"{""KVBData"":{""apiKey"":""M2hZZytlZU1vL3h0aWR2TXVoOUFhdTV1RmNRaWVnaGYxZ0Vpb0hBVmFKbz"",""Payeraddr"":""chiyan@ybl"",""PayerName"":""Rahul Sharma"",""Amount"":""179"",""PayeeAddr"":""yahvipay.1757936298585@kvb"",""MerchantRefID"":""REF545989098"",""TransDate"":""2025-09-15T11:23:28.059Z"",""RRN"":""91441318111"",""UpiTransID"":""915144544""}}"
7654321098,yahvipay.1757936302076@kvb,MC1757936302076,Business 1 - 7654321098,940,REF458533471,2025-09-15T10:43:16.270Z,64940277538,976356132,2025-09-15T11:42:12.373Z,Success,"{""KVBData"":{""apiKey"":""M2hZZytlZU1vL3h0aWR2TXVoOUFhdTV1RmNRaWVnaGYxZ0Vpb0hBVmFKbz"",""Payeraddr"":""chiyan@ybl"",""PayerName"":""Rahul Sharma"",""Amount"":""940"",""PayeeAddr"":""yahvipay.1757936302076@kvb"",""MerchantRefID"":""REF458533471"",""TransDate"":""2025-09-15T10:43:16.270Z"",""RRN"":""64940277538"",""UpiTransID"":""976356132""}}"
7654321098,yahvipay.1757936302076@kvb,MC1757936302076,Business 1 - 7654321098,196,REF109371693,2025-09-15T10:00:57.824Z,47793511004,44831317,2025-09-15T11:42:12.373Z,Success,"{""KVBData"":{""apiKey"":""M2hZZytlZU1vL3h0aWR2TXVoOUFhdTV1RmNRaWVnaGYxZ0Vpb0hBVmFKbz"",""Payeraddr"":""chiyan@ybl"",""PayerName"":""Rahul Sharma"",""Amount"":""196"",""PayeeAddr"":""yahvipay.1757936302076@kvb"",""MerchantRefID"":""REF109371693"",""TransDate"":""2025-09-15T10:00:57.824Z"",""RRN"":""47793511004"",""UpiTransID"":""44831317""}}"
7654321098,yahvipay.1757936302076@kvb,MC1757936302076,Business 1 - 7654321098,299,REF104104688,2025-09-15T10:12:10.245Z,47922997171,758518639,2025-09-15T11:42:12.373Z,Success,"{""KVBData"":{""apiKey"":""M2hZZytlZU1vL3h0aWR2TXVoOUFhdTV1RmNRaWVnaGYxZ0Vpb0hBVmFKbz"",""Payeraddr"":""chiyan@ybl"",""PayerName"":""Rahul Sharma"",""Amount"":""299"",""PayeeAddr"":""yahvipay.1757936302076@kvb"",""MerchantRefID"":""REF104104688"",""TransDate"":""2025-09-15T10:12:10.245Z"",""RRN"":""47922997171"",""UpiTransID"":""758518639""}}"
7654321098,yahvipay.1757936302076@kvb,MC1757936302076,Business 1 - 7654321098,571,REF942266379,2025-09-15T10:51:22.130Z,55588637896,380953250,2025-09-15T11:42:12.373Z,Success,"{""KVBData"":{""apiKey"":""M2hZZytlZU1vL3h0aWR2TXVoOUFhdTV1RmNRaWVnaGYxZ0Vpb0hBVmFKbz"",""Payeraddr"":""chiyan@ybl"",""PayerName"":""Rahul Sharma"",""Amount"":""571"",""PayeeAddr"":""yahvipay.1757936302076@kvb"",""MerchantRefID"":""REF942266379"",""TransDate"":""2025-09-15T10:51:22.130Z"",""RRN"":""55588637896"",""UpiTransID"":""380953250""}}"
7654321098,yahvipay.1757936302076@kvb,MC1757936302076,Business 1 - 7654321098,135,REF666682514,2025-09-15T11:26:10.353Z,99851102055,267129111,2025-09-15T11:42:12.373Z,Success,"{""KVBData"":{""apiKey"":""M2hZZytlZU1vL3h0aWR2TXVoOUFhdTV1RmNRaWVnaGYxZ0Vpb0hBVmFKbz"",""Payeraddr"":""chiyan@ybl"",""PayerName"":""Rahul Sharma"",""Amount"":""135"",""PayeeAddr"":""yahvipay.1757936302076@kvb"",""MerchantRefID"":""REF666682514"",""TransDate"":""2025-09-15T11:26:10.353Z"",""RRN"":""99851102055"",""UpiTransID"":""267129111""}}"
7654321098,yahvipay.1757936302076@kvb,MC1757936302076,Business 1 - 7654321098,655,REF746608140,2025-09-15T10:00:31.470Z,81540862123,522651844,2025-09-15T11:42:12.373Z,Success,"{""KVBData"":{""apiKey"":""M2hZZytlZU1vL3h0aWR2TXVoOUFhdTV1RmNRaWVnaGYxZ0Vpb0hBVmFKbz"",""Payeraddr"":""chiyan@ybl"",""PayerName"":""Rahul Sharma"",""Amount"":""655"",""PayeeAddr"":""yahvipay.1757936302076@kvb"",""MerchantRefID"":""REF746608140"",""TransDate"":""2025-09-15T10:00:31.470Z"",""RRN"":""81540862123"",""UpiTransID"":""522651844""}}"
7654321098,yahvipay.1757936302076@kvb,MC1757936302076,Business 1 - 7654321098,204,REF203676149,2025-09-15T11:20:56.505Z,44052154861,235852076,2025-09-15T11:42:12.373Z,Success,"{""KVBData"":{""apiKey"":""M2hZZytlZU1vL3h0aWR2TXVoOUFhdTV1RmNRaWVnaGYxZ0Vpb0hBVmFKbz"",""Payeraddr"":""chiyan@ybl"",""PayerName"":""Rahul Sharma"",""Amount"":""204"",""PayeeAddr"":""yahvipay.1757936302076@kvb"",""MerchantRefID"":""REF203676149"",""TransDate"":""2025-09-15T11:20:56.505Z"",""RRN"":""44052154861"",""UpiTransID"":""235852076""}}"
7654321098,yahvipay.1757936303671@kvb,MC1757936303671,Business 2 - 7654321098,967,REF216503606,2025-09-15T11:14:44.223Z,36865254325,169462405,2025-09-15T11:42:12.879Z,Success,"{""KVBData"":{""apiKey"":""M2hZZytlZU1vL3h0aWR2TXVoOUFhdTV1RmNRaWVnaGYxZ0Vpb0hBVmFKbz"",""Payeraddr"":""chiyan@ybl"",""PayerName"":""Rahul Sharma"",""Amount"":""967"",""PayeeAddr"":""yahvipay.1757936303671@kvb"",""MerchantRefID"":""REF216503606"",""TransDate"":""2025-09-15T11:14:44.223Z"",""RRN"":""36865254325"",""UpiTransID"":""169462405""}}"
7654321098,yahvipay.1757936303671@kvb,MC1757936303671,Business 2 - 7654321098,530,REF368100782,2025-09-15T11:00:56.797Z,97325789971,12740894,2025-09-15T11:42:12.879Z,Success,"{""KVBData"":{""apiKey"":""M2hZZytlZU1vL3h0aWR2TXVoOUFhdTV1RmNRaWVnaGYxZ0Vpb0hBVmFKbz"",""Payeraddr"":""chiyan@ybl"",""PayerName"":""Rahul Sharma"",""Amount"":""530"",""PayeeAddr"":""yahvipay.1757936303671@kvb"",""MerchantRefID"":""REF368100782"",""TransDate"":""2025-09-15T11:00:56.797Z"",""RRN"":""97325789971"",""UpiTransID"":""12740894""}}"
7654321098,yahvipay.1757936303671@kvb,MC1757936303671,Business 2 - 7654321098,300,REF333086452,2025-09-15T10:32:52.656Z,30519026119,317113572,2025-09-15T11:42:12.879Z,Success,"{""KVBData"":{""apiKey"":""M2hZZytlZU1vL3h0aWR2TXVoOUFhdTV1RmNRaWVnaGYxZ0Vpb0hBVmFKbz"",""Payeraddr"":""chiyan@ybl"",""PayerName"":""Rahul Sharma"",""Amount"":""300"",""PayeeAddr"":""yahvipay.1757936303671@kvb"",""MerchantRefID"":""REF333086452"",""TransDate"":""2025-09-15T10:32:52.656Z"",""RRN"":""30519026119"",""UpiTransID"":""317113572""}}"
7654321098,yahvipay.1757936303671@kvb,MC1757936303671,Business 2 - 7654321098,308,REF16963613,2025-09-15T09:43:19.810Z,56664903053,337897988,2025-09-15T11:42:12.879Z,Success,"{""KVBData"":{""apiKey"":""M2hZZytlZU1vL3h0aWR2TXVoOUFhdTV1RmNRaWVnaGYxZ0Vpb0hBVmFKbz"",""Payeraddr"":""chiyan@ybl"",""PayerName"":""Rahul Sharma"",""Amount"":""308"",""PayeeAddr"":""yahvipay.1757936303671@kvb"",""MerchantRefID"":""REF16963613"",""TransDate"":""2025-09-15T09:43:19.810Z"",""RRN"":""56664903053"",""UpiTransID"":""337897988""}}"
7654321098,yahvipay.1757936303671@kvb,MC1757936303671,Business 2 - 7654321098,746,REF628477621,2025-09-15T11:25:50.450Z,76464876448,708646138,2025-09-15T11:42:12.879Z,Success,"{""KVBData"":{""apiKey"":""M2hZZytlZU1vL3h0aWR2TXVoOUFhdTV1RmNRaWVnaGYxZ0Vpb0hBVmFKbz"",""Payeraddr"":""chiyan@ybl"",""PayerName"":""Rahul Sharma"",""Amount"":""746"",""PayeeAddr"":""yahvipay.1757936303671@kvb"",""MerchantRefID"":""REF628477621"",""TransDate"":""2025-09-15T11:25:50.450Z"",""RRN"":""76464876448"",""UpiTransID"":""708646138""}}"
7654321098,yahvipay.1757936303671@kvb,MC1757936303671,Business 2 - 7654321098,149,REF851605018,2025-09-15T09:48:18.760Z,88647689946,444964720,2025-09-15T11:42:12.879Z,Success,"{""KVBData"":{""apiKey"":""M2hZZytlZU1vL3h0aWR2TXVoOUFhdTV1RmNRaWVnaGYxZ0Vpb0hBVmFKbz"",""Payeraddr"":""chiyan@ybl"",""PayerName"":""Rahul Sharma"",""Amount"":""149"",""PayeeAddr"":""yahvipay.1757936303671@kvb"",""MerchantRefID"":""REF851605018"",""TransDate"":""2025-09-15T09:48:18.760Z"",""RRN"":""88647689946"",""UpiTransID"":""444964720""}}"
7654321098,yahvipay.1757936305029@kvb,MC1757936305029,Business 3 - 7654321098,384,REF702743490,2025-09-15T11:29:22.009Z,68810759826,399294757,2025-09-15T11:42:13.150Z,Success,"{""KVBData"":{""apiKey"":""M2hZZytlZU1vL3h0aWR2TXVoOUFhdTV1RmNRaWVnaGYxZ0Vpb0hBVmFKbz"",""Payeraddr"":""chiyan@ybl"",""PayerName"":""Rahul Sharma"",""Amount"":""384"",""PayeeAddr"":""yahvipay.1757936305029@kvb"",""MerchantRefID"":""REF702743490"",""TransDate"":""2025-09-15T11:29:22.009Z"",""RRN"":""68810759826"",""UpiTransID"":""399294757""}}"
7654321098,yahvipay.1757936305029@kvb,MC1757936305029,Business 3 - 7654321098,409,REF698618816,2025-09-15T10:21:17.966Z,14697906568,732318258,2025-09-15T11:42:13.150Z,Success,"{""KVBData"":{""apiKey"":""M2hZZytlZU1vL3h0aWR2TXVoOUFhdTV1RmNRaWVnaGYxZ0Vpb0hBVmFKbz"",""Payeraddr"":""chiyan@ybl"",""PayerName"":""Rahul Sharma"",""Amount"":""409"",""PayeeAddr"":""yahvipay.1757936305029@kvb"",""MerchantRefID"":""REF698618816"",""TransDate"":""2025-09-15T10:21:17.966Z"",""RRN"":""14697906568"",""UpiTransID"":""732318258""}}"
7654321098,yahvipay.1757936305029@kvb,MC1757936305029,Business 3 - 7654321098,996,REF206893165,2025-09-15T11:09:24.407Z,47865390242,605671925,2025-09-15T11:42:13.150Z,Success,"{""KVBData"":{""apiKey"":""M2hZZytlZU1vL3h0aWR2TXVoOUFhdTV1RmNRaWVnaGYxZ0Vpb0hBVmFKbz"",""Payeraddr"":""chiyan@ybl"",""PayerName"":""Rahul Sharma"",""Amount"":""996"",""PayeeAddr"":""yahvipay.1757936305029@kvb"",""MerchantRefID"":""REF206893165"",""TransDate"":""2025-09-15T11:09:24.407Z"",""RRN"":""47865390242"",""UpiTransID"":""605671925""}}"
7654321098,yahvipay.1757936305029@kvb,MC1757936305029,Business 3 - 7654321098,409,REF145895930,2025-09-15T10:25:35.004Z,44592726787,35494584,2025-09-15T11:42:13.150Z,Success,"{""KVBData"":{""apiKey"":""M2hZZytlZU1vL3h0aWR2TXVoOUFhdTV1RmNRaWVnaGYxZ0Vpb0hBVmFKbz"",""Payeraddr"":""chiyan@ybl"",""PayerName"":""Rahul Sharma"",""Amount"":""409"",""PayeeAddr"":""yahvipay.1757936305029@kvb"",""MerchantRefID"":""REF145895930"",""TransDate"":""2025-09-15T10:25:35.004Z"",""RRN"":""44592726787"",""UpiTransID"":""35494584""}}"
7654321098,yahvipay.1757936305029@kvb,MC1757936305029,Business 3 - 7654321098,560,REF847942785,2025-09-15T11:37:26.776Z,95078955574,895034180,2025-09-15T11:42:13.150Z,Success,"{""KVBData"":{""apiKey"":""M2hZZytlZU1vL3h0aWR2TXVoOUFhdTV1RmNRaWVnaGYxZ0Vpb0hBVmFKbz"",""Payeraddr"":""chiyan@ybl"",""PayerName"":""Rahul Sharma"",""Amount"":""560"",""PayeeAddr"":""yahvipay.1757936305029@kvb"",""MerchantRefID"":""REF847942785"",""TransDate"":""2025-09-15T11:37:26.776Z"",""RRN"":""95078955574"",""UpiTransID"":""895034180""}}"
7654321098,yahvipay.1757936305029@kvb,MC1757936305029,Business 3 - 7654321098,242,REF383738452,2025-09-15T10:35:14.857Z,32049801995,924996115,2025-09-15T11:42:13.150Z,Success,"{""KVBData"":{""apiKey"":""M2hZZytlZU1vL3h0aWR2TXVoOUFhdTV1RmNRaWVnaGYxZ0Vpb0hBVmFKbz"",""Payeraddr"":""chiyan@ybl"",""PayerName"":""Rahul Sharma"",""Amount"":""242"",""PayeeAddr"":""yahvipay.1757936305029@kvb"",""MerchantRefID"":""REF383738452"",""TransDate"":""2025-09-15T10:35:14.857Z"",""RRN"":""32049801995"",""UpiTransID"":""924996115""}}"
6543210987,yahvipay.1757936308527@kvb,MC1757936308527,Business 1 - 6543210987,332,REF497130208,2025-09-15T11:28:10.539Z,37826573773,908774252,2025-09-15T11:42:15.555Z,Success,"{""KVBData"":{""apiKey"":""M2hZZytlZU1vL3h0aWR2TXVoOUFhdTV1RmNRaWVnaGYxZ0Vpb0hBVmFKbz"",""Payeraddr"":""chiyan@ybl"",""PayerName"":""Rahul Sharma"",""Amount"":""332"",""PayeeAddr"":""yahvipay.1757936308527@kvb"",""MerchantRefID"":""REF497130208"",""TransDate"":""2025-09-15T11:28:10.539Z"",""RRN"":""37826573773"",""UpiTransID"":""908774252""}}"
6543210987,yahvipay.1757936308527@kvb,MC1757936308527,Business 1 - 6543210987,614,REF477117754,2025-09-15T09:47:03.959Z,77185984979,695470272,2025-09-15T11:42:15.555Z,Success,"{""KVBData"":{""apiKey"":""M2hZZytlZU1vL3h0aWR2TXVoOUFhdTV1RmNRaWVnaGYxZ0Vpb0hBVmFKbz"",""Payeraddr"":""chiyan@ybl"",""PayerName"":""Rahul Sharma"",""Amount"":""614"",""PayeeAddr"":""yahvipay.1757936308527@kvb"",""MerchantRefID"":""REF477117754"",""TransDate"":""2025-09-15T09:47:03.959Z"",""RRN"":""77185984979"",""UpiTransID"":""695470272""}}"
6543210987,yahvipay.1757936308527@kvb,MC1757936308527,Business 1 - 6543210987,254,REF823803621,2025-09-15T10:23:31.434Z,57354022201,155204168,2025-09-15T11:42:15.555Z,Success,"{""KVBData"":{""apiKey"":""M2hZZytlZU1vL3h0aWR2TXVoOUFhdTV1RmNRaWVnaGYxZ0Vpb0hBVmFKbz"",""Payeraddr"":""chiyan@ybl"",""PayerName"":""Rahul Sharma"",""Amount"":""254"",""PayeeAddr"":""yahvipay.1757936308527@kvb"",""MerchantRefID"":""REF823803621"",""TransDate"":""2025-09-15T10:23:31.434Z"",""RRN"":""57354022201"",""UpiTransID"":""155204168""}}"
5432109876,yahvipay.1757936311970@kvb,MC1757936311970,Business 1 - 5432109876,999,REF794205129,2025-09-15T10:58:03.434Z,16019228276,80335451,2025-09-15T11:42:18.812Z,Success,"{""KVBData"":{""apiKey"":""M2hZZytlZU1vL3h0aWR2TXVoOUFhdTV1RmNRaWVnaGYxZ0Vpb0hBVmFKbz"",""Payeraddr"":""chiyan@ybl"",""PayerName"":""Rahul Sharma"",""Amount"":""999"",""PayeeAddr"":""yahvipay.1757936311970@kvb"",""MerchantRefID"":""REF794205129"",""TransDate"":""2025-09-15T10:58:03.434Z"",""RRN"":""16019228276"",""UpiTransID"":""80335451""}}"
5432109876,yahvipay.1757936311970@kvb,MC1757936311970,Business 1 - 5432109876,989,REF300421886,2025-09-15T11:27:03.891Z,35298678735,494551179,2025-09-15T11:42:18.812Z,Success,"{""KVBData"":{""apiKey"":""M2hZZytlZU1vL3h0aWR2TXVoOUFhdTV1RmNRaWVnaGYxZ0Vpb0hBVmFKbz"",""Payeraddr"":""chiyan@ybl"",""PayerName"":""Rahul Sharma"",""Amount"":""989"",""PayeeAddr"":""yahvipay.1757936311970@kvb"",""MerchantRefID"":""REF300421886"",""TransDate"":""2025-09-15T11:27:03.891Z"",""RRN"":""35298678735"",""UpiTransID"":""494551179""}}"
5432109876,yahvipay.1757936311970@kvb,MC1757936311970,Business 1 - 5432109876,297,REF447298447,2025-09-15T09:46:25.299Z,85551138281,280767271,2025-09-15T11:42:18.812Z,Success,"{""KVBData"":{""apiKey"":""M2hZZytlZU1vL3h0aWR2TXVoOUFhdTV1RmNRaWVnaGYxZ0Vpb0hBVmFKbz"",""Payeraddr"":""chiyan@ybl"",""PayerName"":""Rahul Sharma"",""Amount"":""297"",""PayeeAddr"":""yahvipay.1757936311970@kvb"",""MerchantRefID"":""REF447298447"",""TransDate"":""2025-09-15T09:46:25.299Z"",""RRN"":""85551138281"",""UpiTransID"":""280767271""}}"
5432109876,yahvipay.1757936311970@kvb,MC1757936311970,Business 1 - 5432109876,135,REF724456685,2025-09-15T09:53:37.292Z,52106358299,734647408,2025-09-15T11:42:18.812Z,Success,"{""KVBData"":{""apiKey"":""M2hZZytlZU1vL3h0aWR2TXVoOUFhdTV1RmNRaWVnaGYxZ0Vpb0hBVmFKbz"",""Payeraddr"":""chiyan@ybl"",""PayerName"":""Rahul Sharma"",""Amount"":""135"",""PayeeAddr"":""yahvipay.1757936311970@kvb"",""MerchantRefID"":""REF724456685"",""TransDate"":""2025-09-15T09:53:37.292Z"",""RRN"":""52106358299"",""UpiTransID"":""734647408""}}"
5432109876,yahvipay.1757936311970@kvb,MC1757936311970,Business 1 - 5432109876,80,REF135937465,2025-09-15T10:24:54.008Z,62928162191,528492747,2025-09-15T11:42:18.813Z,Success,"{""KVBData"":{""apiKey"":""M2hZZytlZU1vL3h0aWR2TXVoOUFhdTV1RmNRaWVnaGYxZ0Vpb0hBVmFKbz"",""Payeraddr"":""chiyan@ybl"",""PayerName"":""Rahul Sharma"",""Amount"":""80"",""PayeeAddr"":""yahvipay.1757936311970@kvb"",""MerchantRefID"":""REF135937465"",""TransDate"":""2025-09-15T10:24:54.008Z"",""RRN"":""62928162191"",""UpiTransID"":""528492747""}}"
5432109876,yahvipay.1757936313544@kvb,MC1757936313544,Business 2 - 5432109876,222,REF871314326,2025-09-15T10:55:10.418Z,85698993458,119566603,2025-09-15T11:42:19.443Z,Success,"{""KVBData"":{""apiKey"":""M2hZZytlZU1vL3h0aWR2TXVoOUFhdTV1RmNRaWVnaGYxZ0Vpb0hBVmFKbz"",""Payeraddr"":""chiyan@ybl"",""PayerName"":""Rahul Sharma"",""Amount"":""222"",""PayeeAddr"":""yahvipay.1757936313544@kvb"",""MerchantRefID"":""REF871314326"",""TransDate"":""2025-09-15T10:55:10.418Z"",""RRN"":""85698993458"",""UpiTransID"":""119566603""}}"
5432109876,yahvipay.1757936313544@kvb,MC1757936313544,Business 2 - 5432109876,557,REF847450627,2025-09-15T10:20:16.462Z,12267393962,722015853,2025-09-15T11:42:19.443Z,Success,"{""KVBData"":{""apiKey"":""M2hZZytlZU1vL3h0aWR2TXVoOUFhdTV1RmNRaWVnaGYxZ0Vpb0hBVmFKbz"",""Payeraddr"":""chiyan@ybl"",""PayerName"":""Rahul Sharma"",""Amount"":""557"",""PayeeAddr"":""yahvipay.1757936313544@kvb"",""MerchantRefID"":""REF847450627"",""TransDate"":""2025-09-15T10:20:16.462Z"",""RRN"":""12267393962"",""UpiTransID"":""722015853""}}"
5432109876,yahvipay.1757936313544@kvb,MC1757936313544,Business 2 - 5432109876,369,REF589057230,2025-09-15T09:57:17.566Z,24049016306,795642842,2025-09-15T11:42:19.443Z,Success,"{""KVBData"":{""apiKey"":""M2hZZytlZU1vL3h0aWR2TXVoOUFhdTV1RmNRaWVnaGYxZ0Vpb0hBVmFKbz"",""Payeraddr"":""chiyan@ybl"",""PayerName"":""Rahul Sharma"",""Amount"":""369"",""PayeeAddr"":""yahvipay.1757936313544@kvb"",""MerchantRefID"":""REF589057230"",""TransDate"":""2025-09-15T09:57:17.566Z"",""RRN"":""24049016306"",""UpiTransID"":""795642842""}}"
5432109876,yahvipay.1757936313544@kvb,MC1757936313544,Business 2 - 5432109876,384,REF214574546,2025-09-15T09:59:02.077Z,85232100611,127418857,2025-09-15T11:42:19.443Z,Success,"{""KVBData"":{""apiKey"":""M2hZZytlZU1vL3h0aWR2TXVoOUFhdTV1RmNRaWVnaGYxZ0Vpb0hBVmFKbz"",""Payeraddr"":""chiyan@ybl"",""PayerName"":""Rahul Sharma"",""Amount"":""384"",""PayeeAddr"":""yahvipay.1757936313544@kvb"",""MerchantRefID"":""REF214574546"",""TransDate"":""2025-09-15T09:59:02.077Z"",""RRN"":""85232100611"",""UpiTransID"":""127418857""}}"
5432109876,yahvipay.1757936313544@kvb,MC1757936313544,Business 2 - 5432109876,273,REF270433991,2025-09-15T10:50:59.633Z,30597884630,134936570,2025-09-15T11:42:19.443Z,Success,"{""KVBData"":{""apiKey"":""M2hZZytlZU1vL3h0aWR2TXVoOUFhdTV1RmNRaWVnaGYxZ0Vpb0hBVmFKbz"",""Payeraddr"":""chiyan@ybl"",""PayerName"":""Rahul Sharma"",""Amount"":""273"",""PayeeAddr"":""yahvipay.1757936313544@kvb"",""MerchantRefID"":""REF270433991"",""TransDate"":""2025-09-15T10:50:59.633Z"",""RRN"":""30597884630"",""UpiTransID"":""134936570""}}"
5432109876,yahvipay.1757936313544@kvb,MC1757936313544,Business 2 - 5432109876,695,REF516669739,2025-09-15T09:55:53.811Z,89750009656,959312802,2025-09-15T11:42:19.443Z,Success,"{""KVBData"":{""apiKey"":""M2hZZytlZU1vL3h0aWR2TXVoOUFhdTV1RmNRaWVnaGYxZ0Vpb0hBVmFKbz"",""Payeraddr"":""chiyan@ybl"",""PayerName"":""Rahul Sharma"",""Amount"":""695"",""PayeeAddr"":""yahvipay.1757936313544@kvb"",""MerchantRefID"":""REF516669739"",""TransDate"":""2025-09-15T09:55:53.811Z"",""RRN"":""89750009656"",""UpiTransID"":""959312802""}}"